,,33d000000000000000000107,,,,,
,,33d000000000000000000117,,,,,
,,33d000000000000000000116,,,,,
,,33d000000000000000000112,,,,,
,,33d000000000000000000111,,,,,
,,33d000000000000000000106,,,,,
,,33d000000000000000000102,,,,,
,,33d000000000000000000101,,,,,
,,33d000000000000000000096,,,,,
,,33d000000000000000000097,,,,,
,,33d000000000000000000092,,,,,
,,33d000000000000000000091,,,,,
,,33d000000000000000000087,,,,,
,,33d000000000000000000082,,,,,
,,33d000000000000000000081,,,,,
,,33d000000000000000000086,,,,,
