,,bcaeaeb44800002e922ecbf8,,,,,
,,bc8a4fd1f100002e92328d0e,,,,,
,,bccab5f68f00002e92568f98,,,,,
,,bccbe730d500002e924e13d6,,,,,
,,bcb0ab1c7f00002e9232ac14,,,,,
,,bcbd27f49800002e925157b6,,,,,
,,30349bc7c41209bf42448fc5,,,,,
,,bcdd5a402b00002e92353482,,,,,
,,bc90a41a1f00002e92390514,,,,,
,,bcdd53cc4700002e915c800a,,,,,
,,bcca76781500002e92390cea,,,,,
,,bccc020d0400002e923870aa,,,,,
,,bcb26c438700002e92375f3a,,,,,
,,bcbe67b88500002e924eaffc,,,,,
,,bcc90402dc00002e9241e68c,,,,,
,,bc9ba65f8700002e92659b34,,,,,
,,bc9e1ef4bc00002e92462476,,,,,
,,bcb8eedfad00002e92569778,,,,,
,,bce7261dac00002e9255d424,,,,,
,,bcd2d91e9700002e92556e90,,,,,
,,bcf65bf78f00002e92385948,,,,,
,,bcd789bb9b00002e923413a2,,,,,
,,bcca61589300002e925f9044,,,,,
,,bcc34d427c00002e924f2d16,,,,,
,,bca6b5f59600002e9244a5b6,,,,,
,,bc9bf0cebb00002e922fa6a8,,,,,
,,bc9e19933e00002e9244ccba,,,,,
,,bca5821ebb00002e92547488,,,,,
,,bcd6a9c20e00002e9235c94a,,,,,
