,,bcf57ed0f200002e92064518,,,,,
,,bc86a94bc100002e91bdea2e,,,,,
,,bcd449b04400002e9255cc80,,,,,
,,bcdb2f9c3100002e92332152,,,,,
,,bcd06f3b8a00002e924e3306,,,,,
,,bcd5e284fb00002e9249ed38,,,,,
,,bcb8c353ae00002e924ab85c,,,,,
,,bc8efdcc4e00002e92659b40,,,,,
,,bca56608fa00002e9245f5a4,,,,,
,,bcd7801fcf00002e924d40d6,,,,,
,,bcb349976f00002e9232e2c6,,,,,
,,bc846f04e200002e92312d5a,,,,,
,,bce729513500002e920f3606,,,,,
,,bcc6461f7a00002e92342ae8,,,,,
,,bc9fe0e14f00002e9246535c,,,,,
,,bc8082152c00002e9232cb68,,,,,
,,bc8726d0d300002e924ab85a,,,,,
,,bce19e8b9d00002e923af94e,,,,,
,,bccb62245f00002e9237864c,,,,,
,,bc9069b2fe00002e92332172,,,,,
,,bcd0c2578900002e91c099a0,,,,,
,,bcecfd582b00002e923265cc,,,,,
,,bccc2aaeca00002e923413d8,,,,,
,,bcb2572baa00002e924d218c,,,,,
,,bcb0b4469300002e9236bb2c,,,,,
,,bccd430f3400002e92390518,,,,,
,,bc8f4267af00002e92465b32,,,,,
,,bcc35e2e3f00002e923506bc,,,,,
,,bc94ddbf6c00002e92464b94,,,,,
,,bcc63220ed00002e92394b88,,,,,
,,bc9857b4c400002e923dcfc4,,,,,
,,bcad4a491a00002e9232bbc4,,,,,
,,bcbcd2fa3c00002e92482818,,,,,
,,bce6e7677200002e9232e2cc,,,,,
,,bcc2b6aa7500002e924e041a,,,,,
,,bc8b695a3f00002e92336f6a,,,,,
,,bcbc86c9dc00002e923505e2,,,,,
,,bce09bf95300002e9232cb64,,,,,
,,bcefd0f37100002e9254749a,,,,,
,,bcf1e0953800002e9255766c,,,,,
,,bcc8943aeb00002e92498f7c,,,,,
,,bcc704a20f00002e92440194,,,,,
,,bcf85c90de00002e92480104,,,,,
,,bca7241cab00002e91bb596e,,,,,
,,bcc458189900002e9211ed8e,,,,,
,,bcaf18085000002e923294b2,,,,,
,,bcace85e2d00002e9244d4b4,,,,,
,,bca7772e1e00002e9241fdf8,,,,,
,,bc8c32653c00002e923b4f0c,,,,,
,,bccd8df8b100002e9232f26c,,,,,
,,bc810c737800002e920644f0,,,,,
,,bc919cf26500002e924a79d6,,,,,
,,bcb92dca6e00002e9247ca56,,,,,
,,bcf506880a00002e92394b6e,,,,,
,,bc8161821700002e924902d6,,,,,
,,bc9b1e47e000002e9251fbb6,,,,,
,,bcd856121a00002e9232c38a,,,,,
,,bcd4cb2c3700002e9233c584,,,,,
,,bca09b570100002e9265aae4,,,,,
,,bcc878f0fa00002e923265d8,,,,,
,,bcbd0747ae00002e923776fe,,,,,
,,bcc7d8864a00002e9244401c,,,,,
,,bc94fd208a00002e9232a448,,,,,
,,bc9a2fd09600002e924baa84,,,,,
,,bc812dc96500002e92464bb4,,,,,
,,bcd25faab400002e924a6266,,,,,
,,bcd1d4dfea00002e920644f0,,,,,
,,bcd884097f00002e9244ccfc,,,,,
,,bcda91af5000002e92499f18,,,,,
,,bce37b3ad300002e9265ba72,,,,,
,,bcf2ac0d1d00002e9255d416,,,,,
,,bc9b3a64ba00002e923c125c,,,,,
,,bcb2f9515000002e92328cda,,,,,
,,bcd1cbbe8100002e9244f3e2,,,,,
,,bcb48516d800002e9249dd96,,,,,
,,bcc83f996e00002e924dae2c,,,,,
,,bce626adc400002e920b0f96,,,,,
,,bcdb9d51c200002e92398a08,,,,,
,,bcf1d1dc2200002e9236caf4,,,,,
,,bca67c212300002e924b7bb2,,,,,
,,bcfed1bc9b00002e9232a466,,,,,
,,bcfcff165300002e92328d04,,,,,
,,bc9c7ebbfd00002e924bc9ca,,,,,
,,bcde56a55200002e91bde978,,,,,
,,bc84eb7e3600002e9247552a,,,,,
,,bc9890105a00002e923380bf,,,,,
,,bc8fae78ba00002e9244401a,,,,,
,,bcaa1a3c4800002e92311db4,,,,,
,,bcfaeb919700002e923d71ea,,,,,
,,bcea0d100600002e9249dd96,,,,,
,,bcd9856e7000002e92465b3a,,,,,
,,bcfd9cc63000002e92314c98,,,,,
,,bcf3daa86800002e91be4ffa,,,,,
,,bcde55fbd200002e9232bbd0,,,,,
,,bc960377fc00002e922b0326,,,,,
,,bce0e9e92500002e920ae0c4,,,,,
,,bcebd04f8700002e92465364,,,,,
,,bcf95e41f200002e92345242,,,,,
,,bcc3b1d15a00002e9255cc56,,,,,
,,bcd0525f5200002e92479b74,,,,,
,,30349bb9ac034595e5eca25f,,,,,
,,bcf72bd98500002e920bd2cc,,,,,
,,bc8e6cda2b00002e920fca8e,,,,,
,,bcdcac657700002e9239a93a,,,,,
,,bca2cf15ea00002e924764c8,,,,,
,,bce0dc03c400000000030d54,,,,,
,,bca31afb8b00002e924476e4,,,,,
,,bc992e348a00002e92569f42,,,,,
,,bc861b80fe00002e9247ab2a,,,,,
,,bcd03c1fc600002e922b7854,,,,,
,,bce835f92500002e92332174,,,,,
,,bcbfcf5b9900002e9214a49a,,,,,
,,bc845a048a00002e920a34f2,,,,,
,,bc9d14129900002e9266954a,,,,,
,,bca7032f8b00002e9244d48c,,,,,
,,bc9d58567c00002e924da65a,,,,,
,,bcc132890600002e9249ed38,,,,,
,,bce12187d900002e9244f3e6,,,,,
,,bcb8b375b000002e9235c912,,,,,
,,bce4fdc31100002e9214ac66,,,,,
,,bc9c327b9d00002e9232854c,,,,,
,,bce443532a00002e9239b106,,,,,
,,bc83911dc400002e91f3787a,,,,,
,,bcaad7306700002e9255cc4e,,,,,
,,bc90b99e6800002e924205c6,,,,,
,,bc83627f2a00002e92328d6e,,,,,
,,bcd48d747700002e92460560,,,,,
,,bceecb69dd000000832a0967,,,,,
,,bce878899800002e9244d4b4,,,,,
,,bcca8badcf00002e92464bae,,,,,
,,bc951e75f300002e9247ca58,,,,,
,,bcb54be5eb00002e91f79718,,,,,
,,bcccc4a89600002e924476c8,,,,,
,,bc94de9b2a00002e920cad9a,,,,,
,,bcbfacec5a00002e92383238,,,,,
,,bcd451590000002e923dcfaa,,,,,
,,bc8f625ef900002e922b0324,,,,,
,,bc887ff19700002e9244ccee,,,,,
,,bcf3e2e67400002e9204b690,,,,,
,,bce69d402800002e925036b2,,,,,
,,bccc95dcf700002e923af95c,,,,,
,,bc9c8d569100002e91a577fe,,,,,
,,bceb0e8d9700bd01003a4f33,,,,,
,,bcc683227900002e924f34cc,,,,,
,,bcfa97735d00002e923a7c36,,,,,
,,bcd1b1e1dd00002e9234e676,,,,,
,,bcadb8b34200002e9232ea96,,,,,
,,bc9b3b875000002e923413cc,,,,,
,,bca5354e0000002e9245806c,,,,,
,,bcfa5e370300002e9235c956,,,,,
,,bce7c3351c00002e924086fc,,,,,
,,bcf28857ee00002e92468a0a,,,,,
,,bc803b1e7a00002e924be13a,,,,,
,,bcb18b325c00002e922ecc3e,,,,,
,,bc8fb3f27300002e9232a48a,,,,,
,,bcb466353500002e9247baba,,,,,
,,bcc70a4d7a00002e923115e6,,,,,
,,bc8e318d8000002e91343f60,,,,,
,,bca001fd0200002e923841d4,,,,,
,,bcd0babbaa00002e92342af2,,,,,
,,bcd8a4247500002e924baa86,,,,,
,,bc92328e4000002e920fca8e,,,,,
,,bcd32bc55500002e9249e56c,,,,,
,,bc9cbfa6e700002e92120c9c,,,,,
,,bcafc2d78500002e924cb424,,,,,
,,bcc11a134f00002e9214ac6a,,,,,
,,bc9264be9300002e923294c0,,,,,
,,bcb29e9e0200002e923a4d48,,,,,
,,bcbaf2004400002e9265aad2,,,,,
,,bccbb7840800002e9241fe04,,,,,
,,bc8483694700002e9256b6b4,,,,,
,,bcf1fe5ffd00002e9238de1a,,,,,
,,bcd987d53900002e9232cb56,,,,,
,,bccc39d79300002e92443078,,,,,
,,bcd6240a7700002e924cdb36,,,,,
,,bcd3a0a31c00002e91da0c96,,,,,
,,bcbab680ce00002e92492218,,,,,
,,bcf83b60a500002e9232f268,,,,,
,,bcf440918300002e9249a6e8,,,,,
,,bcf027b88a00002e91357fc0,,,,,
,,bcb949c90200002e922fa6d0,,,,,
,,bc99bf5c0200002e9211b69a,,,,,
,,bcf33949b600002e9239d808,,,,,
,,bce7ad2be000002e924f2542,,,,,
,,bc81d1af9b00002e92478404,,,,,
,,bccd11cd7100002e92383238,,,,,
,,bcd6cec98400002e924be13c,,,,,
,,bca8069bad00002e924e0414,,,,,
,,bc864f87dd00002e9268fe66,,,,,
,,bcc1d390f200002e92345232,,,,,
,,bcc95937a200002e92674104,,,,,
,,bcbbb22fdd00002e9255ebf6,,,,,
,,bcfbc3297f00002e9232ac26,,,,,
,,bc9d85968300002e9239a934,,,,,
,,bcf31b4cc500002e92310e08,,,,,
,,bcf9b07bc200002e923d79d2,,,,,
,,bc84226c0800002e92491278,,,,,
,,bc98d96e5b00002e9247bab8,,,,,
,,bceca5b42600002e924522a2,,,,,
,,bc90b21a5900002e92507ce4,,,,,
,,bcea8ec2dc00002e923a4d56,,,,,
,,bcb6c3f08100002e9245f5a8,,,,,
,,bca00ba77500002e924d120a,,,,,
,,bc8190649500002e9244ccb6,,,,,
,,bcdeec66d000002e92569f48,,,,,
,,bcb920783200002e92463416,,,,,
,,bcbcc30c6900002e9247da0a,,,,,
,,bce450249000002e9239b14c,,,,,
,,bcd4524f2100002e923a7c16,,,,,
,,bce6c7839d00002e920f7492,,,,,
,,bcec1aa00e00002e92064540,,,,,
,,bcc1eda06a00002e92480130,,,,,
,,bca3be7a1c00002e922d06e4,,,,,
,,bc836913f200002e9249dd98,,,,,
,,bc99447b0900002e92314c92,,,,,
,,bcf392300d00002e9231d92e,,,,,
,,bcf536e94e59bd010039df74,,,,,
,,bc9c8488d400002e9229da4c,,,,,
,,bcc8c2d51500002e9254748a,,,,,
,,bccc78053000002e92341b60,,,,,
,,bcc584872800002e9232a444,,,,,
,,bcc914c67000002e91f98346,,,,,
,,bcc715853b00002e9243ea22,,,,,
,,bc8ac743b500002e923d71e8,,,,,
,,bc98cf015e00002e925176e4,,,,,
,,bcda118d9900002e923d79d0,,,,,
,,bc8a27c9b700002e923506cc,,,,,
,,bc944dba8400002e9265ba68,,,,,
,,bcb444445300002e92369be4,,,,,
,,bc8fb949f000002e92311dba,,,,,
,,bceb50908600002e92474d54,,,,,
,,bcedcac23b00002e923ca6c2,,,,,
,,bc953793cb00002e9233c59e,,,,,
,,bc95c793c300002e924f2556,,,,,
,,bcb46897c000002e924cdb36,,,,,
,,bca5c6d2c300002e92368c42,,,,,
,,bcdf51776200002e922b4984,,,,,
,,bcc50cf35b00002e9249d5c6,,,,,
,,bc9ae080d200002e92341388,,,,,
,,bc8f04b19e00002e92064544,,,,,
,,bcee7e9b8300002e9247f168,,,,,
,,bcd6904b8800002e92568fb8,,,,,
,,bc8a1d0e3200002e9211edbc,,,,,
,,bc9bfd303700002e92342326,,,,,
,,bc9a8c253300002e9232854c,,,,,
,,bcd4814ada00002e92328d68,,,,,
,,bc8839d45300002e9246823a,,,,,
,,bcae2de9af00002e9232bbe0,,,,,
,,bca4295bdb00002e924a04ac,,,,,
,,bc8948e44700002e9252bf0c,,,,,
,,bc86510d3200002e92468238,,,,,
,,bcf98a1a2e00002e92395b4c,,,,,
,,bca721e95800002e9232a47e,,,,,
,,bce7b0d24a00002e92448e44,,,,,
,,bc9c6ca20b00002e9233a618,,,,,
,,bc94ad524000002e92481872,,,,,
,,bc8bf0e5cd00002e9252bf0a,,,,,
,,bc8bc3755e00002e9237383a,,,,,
,,bca6f85db400002e92385934,,,,,
,,bcd76842a800002e923505c4,,,,,
,,bc8bffd4e300002e9268fe5a,,,,,
,,bcbe65a1ae00002e92459fa8,,,,,
,,bc8de0e30d00002e9239b126,,,,,
,,bcfffc39de00002e923d720e,,,,,
,,bc999c47d900002e92312d5a,,,,,
,,bc879693db00002e922b7856,,,,,
,,bcf09bac1600002e92395b5e,,,,,
,,bcd1b2667500002e924ab85c,,,,,
,,bcc46597c900002e9245f5a2,,,,,
,,bcee80b3b900002e92465b36,,,,,
,,bcb57444fe59bd010039cc15,,,,,
,,bcf1117ec500002e924a2bba,,,,,
,,bcd0a66a6f00002e9239d80a,,,,,
,,bca1e02c4400002e9256b6b6,,,,,
,,bce148e5a900002e920ae0dc,,,,,
,,bcbafbabb500002e9231d922,,,,,
,,bcad6c3acf00002e9235c912,,,,,
,,bcdc9ad53300002e924a79e8,,,,,
,,bcd56a411c00002e9251fbb6,,,,,
,,bcaf3db8bf00002e923b4f1a,,,,,
,,bcb809f3a500002e91e399ec,,,,,
,,bc9e74a6a800002e9248475a,,,,,
,,bc9b079e6f00002e920f7498,,,,,
,,bcf5e229ff00002e91bdea30,,,,,
,,bce360e79700002e920a8adc,,,,,
,,bcfc95feed00002e92375776,,,,,
,,bc8c37aa0c00002e9233c574,,,,,
,,bcbbb85ce400002e9232a454,,,,,
,,bcd66ad9b300002e92329c82,,,,,
,,bca90cfa7e00002e923747cc,,,,,
,,bccd5f152600002e9240487a,,,,,
,,bcf29c36ff00002e922afb5c,,,,,
,,bcaf76210f00002e9256aed4,,,,,
,,bc97e0750400002e920f7494,,,,,
,,bcccd35acd00002e9255cc96,,,,,
,,bc89e3028600002e92463428,,,,,
,,bcbb943b2700002e922ecbe6,,,,,
,,bcc8c15e8400002e9255d414,,,,,
,,bc8699c8c900002e924476d8,,,,,
,,bc81b004f500002e91357fbc,,,,,
,,bcb5a96d0800002e9244d49a,,,,,
,,bc850d971800002e9251fbbc,,,,,
,,bcc853253d00002e9250c342,,,,,
,,bca4773be200002e92463426,,,,,
,,bcc04b0d0100002e925176fa,,,,,
,,bcae7e8dad00002e92328cfe,,,,,
,,bcce4db9ef00002e92395b4c,,,,,
,,bcf97c3c4800002e924d4896,,,,,
,,bca859ecfc00002e920fca7c,,,,,
,,bcc990277100002e9233a61a,,,,,
,,bce1b17c6900002e92376706,,,,,
,,bcf26d060900002e923dcfc6,,,,,
,,bcaf12ccb100002e91fbe4a4,,,,,
,,bcf024b25200002e9249d5ca,,,,,
,,bcf362c40900002e9239245c,,,,,
,,bc9a0f95b600002e923a35d6,,,,,
,,bc8c69c56600002e9257240a,,,,,
,,bcdb6f051c00002e9249ed34,,,,,
,,bcc4aa72fb00002e9169e5b8,,,,,
,,bce927026700002e91852e08,,,,,
,,bce74ba3de00002e92392456,,,,,
,,bcab426ab200002e92516f34,,,,,
,,bc8cbcf87100002e9233c55a,,,,,
,,bcae89685600002e921fe77a,,,,,
,,bcbd184cc900002e92534bba,,,,,
,,bc8db7aacb00002e92496096,,,,,
,,bce47deadf00bd01003a4f33,,,,,
,,bc992be11900002e91e8f8ea,,,,,
,,bc89dfd1a100002e92440194,,,,,
,,bc890c094000002e92443074,,,,,
,,bc9f461bd400002e92517708,,,,,
,,bce39797fc00002e9235c90e,,,,,
,,bcf9a670ed00002e923d3366,,,,,
,,bcf12cccc5000000024e3689,,,,,
,,bcadf8374e00002e91e399ea,,,,,
,,bcf1ba3cd600002e923dcfd2,,,,,
,,bc99103da100002e9245f5a2,,,,,
,,bcb241176100002e92463444,,,,,
,,bcecb637ee00002e92460d32,,,,,
,,bc871ec82c00002e92477c38,,,,,
,,bc8087254f00002e92342b06,,,,,
,,bc97caa82a00002e91bde9ae,,,,,
,,bc81eb128b00002e9247bac2,,,,,
,,bcbe776a6200002e91e96652,,,,,
,,bcf42f562700002e92350694,,,,,
,,bc93d4c2ce00002e9231d92a,,,,,
,,bcbc63797b00002e924ed71c,,,,,
,,bced08883200002e922b4990,,,,,
,,bcb44e2c2700002e924643b6,,,,,
,,bcd4ebb66e00002e92105ed2,,,,,
,,bcea7eac1a00002e923506cc,,,,,
,,bcd91c054900002e924efe18,,,,,
,,bcfce6ac1c00002e9250cb06,,,,,
,,bc852280d700002e9238de0a,,,,,
,,bc88390de900002e924e69a8,,,,,
,,bcdd9948ef00002e922b4976,,,,,
,,bc8d01169700002e922b033a,,,,,
,,bcedd311eb00002e92498f78,,,,,
,,bcd73a6c6400002e924e13b6,,,,,
,,bca0ef663600002e924541e2,,,,,
,,bceec0f2fe00002e92146618,,,,,
,,bc9e52df5b00002e920b0f92,,,,,
,,bcabe0e4c200002e9235dfaa,,,,,
,,bcd5034e3600002e92319ac8,,,,,
,,bcbed202bc00002e9237576a,,,,,
,,bcbe68d03300002e9232e2d4,,,,,
,,30349bb7f815dda83a89157e,,,,,
,,30349bb868034fa0b833ebc4,,,,,
,,30349bb86802558735601c80,,,,,
,,bcd6d5339300002e92350686,,,,,
,,bcf46a5f3c00002e921fe766,,,,,
,,bcf118d44500002e91e399f6,,,,,
,,bcbbd6aa4900002e9236ab88,,,,,
,,bcfcc5ada200002e92377700,,,,,
,,bca3189e9600002e9245f5b6,,,,,
,,bcbd56eddf00002e9246247a,,,,,
,,bc801d544300002e924a1c18,,,,,
,,bcefaaead200002e9225ea76,,,,,
,,bcc5894b4900002e92669548,,,,,
,,bcb02d909200002e92463434,,,,,
,,bce793271200002e924597e6,,,,,
,,bcc12d7ff800002e9265aad6,,,,,
,,bc98296e9500002e9211d5ea,,,,,
,,bcd3d307e900002e9243e252,,,,,
,,bcbb2ef21700002e91e8a302,,,,,
,,bcaf5de4b400002e9244c4ec,,,,,
,,bcb651da2500002e92332158,,,,,
,,bcba52c95400002e924902d4,,,,,
,,30349b2ce411ffb8ee8d675f,,,,,
,,bc895b23af00002e922ecc38,,,,,
,,bcec67a9a200002e922fa6aa,,,,,
,,bce2a1924b00002e923a1718,,,,,
,,bcaa7b84a700002e920f3604,,,,,
,,bce76284a200002e922fa6fe,,,,,
,,bce918ab8400002e91bde978,,,,,
,,bc983bf96c00002e924476d4,,,,,
,,bcaa890b5300002e92328cea,,,,,
,,bcdcafea3c00002e92557e2a,,,,,
,,bcd7618b3900002e91e81e34,,,,,
,,bc9aaf575e00002e9255d414,,,,,
,,bcaa0554eb00002e92557e2a,,,,,
,,bca69c3df100002e924597e8,,,,,
,,bce6be741e00002e9204b678,,,,,
,,bc9b69adde00002e924f34e0,,,,,
,,bccacc48db00002e92332156,,,,,
,,bcb453cb1200002e9236ea16,,,,,
,,bcbeeeaf4000002e9255eb96,,,,,
,,bcd9c761ed00002e924e041a,,,,,
,,bc999c47d900002e92312d5a,,,,,
,,bcd8d11acb00002e9235c926,,,,,
,,bce36935c300002e92328d02,,,,,
,,bcc2d1ec8800002e923a4d52,,,,,
,,bc82275cd700002e9248b4ba,,,,,
,,bcf3c791fa00002e92583d58,,,,,
,,bc9e0996b200002e920ae0ce,,,,,
,,bcc263564700002e923d7212,,,,,
,,bcc8de247000002e92378644,,,,,
,,bca63b7ac100002e91e8a30c,,,,,
,,bca691aa0d00002e923dcfc6,,,,,
,,bcbe15dc7d00002e92420d98,,,,,
,,bce5b1aa3c00002e9268fe68,,,,,
,,bc9e99579200002e9247b2e8,,,,,
,,bca8eaa6c400002e9214a49c,,,,,
,,bcaea48db400002e9239b10a,,,,,
,,bca83e4b4900002e9214ac66,,,,,
,,bcdf9c916400002e924a2bb6,,,,,
,,bcc458c8a500002e9268fe5a,,,,,
,,30349b2ce411ffb8cf3321d9,,,,,
,,bca331ce9f00002e925176f8,,,,,
,,bc91c331f500002e9211ee24,,,,,
,,30349bb6d4063db6f8d58c4f,,,,,
,,bcf98764bb00002e9239821c,,,,,
,,bcc2fe3af100002e9247b2ea,,,,,
,,bcff163ef600002e9211ed90,,,,,
,,bcbf19016000002e921fe76a,,,,,
,,bcefa20f9600002e92328ce4,,,,,
,,bcce07f9fe00002e92465b2a,,,,,
,,bcdb5fe81f00002e922afb56,,,,,
,,bcd7d4d7f300002e92478404,,,,,
,,bcd72fde5b00002e9249c624,,,,,
,,bcb66b61e500002e9249e56a,,,,,
,,bce901204d00002e9214a496,,,,,
,,bcdea3d7f959bd010039a31e,,,,,
,,bce48fccad00002e9233214c,,,,,
,,bcc5863eb500002e92368c50,,,,,
,,bc8545ac6800002e9255ebcc,,,,,
,,bc85eb1c4c00002e9232a468,,,,,
,,bcd41e6cb400002e9255eb90,,,,,
,,bce0a8625800002e920a34b6,,,,,
,,bc981ce30f00002e9232cb5c,,,,,
,,bcac0e7a2700002e91be4f26,,,,,
,,bce109af8700002e9249d5c6,,,,,
,,bc9976b03700002e91e81e3c,,,,,
,,bcd9132d2f00002e9255cc96,,,,,
,,bc8abf886a00002e92468a0c,,,,,
,,bce6b43a8800002e92444022,,,,,
,,bc80879bed00002e9236ab86,,,,,
,,bcf13b636c00002e923af94e,,,,,
,,bcc351aad100002e9241debc,,,,,
,,bcce2d7e1f00002e922d06e8,,,,,
,,bc83db5e4500002e923af918,,,,,
,,bc8959ed3100002e9232bbe0,,,,,
,,bcfd0522ce00002e91bde9c2,,,,,
,,bccf1d530300002e92146618,,,,,
,,bc85e990e000002e9245a778,,,,,
,,bce9deb62100002e923a7c30,,,,,
,,bcf8f943fe00002e923451f2,,,,,
,,bca9eb88dd00002e9265aae4,,,,,
,,bcd1559ba900002e923506bc,,,,,
,,bcac7700b400002e9232ac28,,,,,
,,bceed784be00002e923451f2,,,,,
,,bcf3a31afe00002e920fca82,,,,,
,,bcfd8fbe8f00002e9255ebd4,,,,,
,,bc8479795800002e92669540,,,,,
,,bccfbb49d900002e91357fbc,,,,,
,,bcdc9b912d00002e924e717a,,,,,
,,bccc8fd8d300002e924e13d8,,,,,
,,bc917486b800002e9229da48,,,,,
,,bce705602f00002e9265aae6,,,,,
,,bc9d4941e500002e9240ae28,,,,,
,,bcf34247a500002e923dcfa4,,,,,
,,bca30a8d0f00002e9249c62a,,,,,
,,bcbf440f5300002e9255cc98,,,,,
,,bcbecc364900002e921fe78c,,,,,
,,bcdb8024ee00002e92351d26,,,,,
,,bcf236fb9700002e923a7c34,,,,,
,,bcbbca987800002e924e13d8,,,,,
,,bc9bdcc8cb00002e9250d2e6,,,,,
,,bcbb1914be00002e92496868,,,,,
,,bcaf41850a00002e921fe76e,,,,,
,,bc86c5e27200002e9236d29a,,,,,
,,bcfa31212700002e91e8f8ea,,,,,
,,bca971c6f300002e9205a875,,,,,
,,bcc80ca7e700002e92466304,,,,,
,,bcca0065ed00002e9201c0a6,,,,,
,,bcac87c5f900002e923d71e6,,,,,
,,bcca00486500002e92311db2,,,,,
,,bcb4074c1600002e92461ca6,,,,,
,,bc87df827100002e9248e394,,,,,
,,bc8cacc6e400002e9268fe66,,,,,
,,bc9ebc25cf00002e9255ebbe,,,,,
,,bc82f74d0b00002e923505de,,,,,
,,bcfafc7a2d00002e92569764,,,,,
,,bcebe18a9000002e923a7c38,,,,,
,,bcd50bcb2b00002e92234a96,,,,,
,,bcbfc7860d00002e924d1200,,,,,
,,bcd193a51800002e923776fe,,,,,
,,bcfc2ee36900002e9238de0a,,,,,
,,bcf0855a4d00002e92466ad2,,,,,
,,bcec45f82d00002e920f6caa,,,,,
,,bcd601d12b00002e9255cc68,,,,,
,,bcdf99a54700002e92460544,,,,,
,,bca49522f100002e91e399ec,,,,,
,,bc959ce9ac00002e92474584,,,,,
,,bcda52a15600002e9268fe6a,,,,,
,,bc8b9970a900002e92314c96,,,,,
,,bcd583a9fe00002e922af386,,,,,
,,bca2ff138600002e920f7494,,,,,
,,bcd2812a7400002e92460544,,,,,
,,bcb2a584fe000000832e08e3,,,,,
,,bcf21638d700002e92556e8a,,,,,
,,bcc875f95400002e9211edb2,,,,,
,,bc9b67020900002e92351d1c,,,,,
,,bcbbaa399400002e92093ab4,,,,,
,,bc879751b800002e923776fc,,,,,
,,bcf835a23d00002e91bde9be,,,,,
,,bc82463aa800002e92064546,,,,,
,,bcf9408b6c00002e92547492,,,,,
,,bccbfd557400002e92659b42,,,,,
,,bced81a76400002e9250c33a,,,,,
,,bcec150f8700002e92463be6,,,,,
,,bcb399670100002e9265ba6a,,,,,
,,bc8b23bfc000002e924e7176,,,,,
,,bc960a073700002e924ec776,,,,,
,,bc9c0e41a500002e915c8040,,,,,
,,bcdbfe9d6400002e9244f3e4,,,,,
,,bcc62e794d00002e92371142,,,,,
,,bca45d7f0d00002e9249ed38,,,,,
,,bcf45c7fd300002e9238fd48,,,,,
,,bc96fafcc100002e923506aa,,,,,
,,bc923f153c00002e9238de16,,,,,
,,bcf2adebdb00002e923413da,,,,,
,,bcef9e2e2900002e9249c628,,,,,
,,bccb12a0d300002e922b68c6,,,,,
,,bcd67ecd6900002e92568f9c,,,,,
,,bcad54c60200002e925176fa,,,,,
,,bcdf1d04e400002e924086f4,,,,,
,,bcbe3c36ae00002e92464bb4,,,,,
,,bc888a627700002e9249609a,,,,,
,,bca2843c9c00002e9246247a,,,,,
,,bc8368d7fa00002e923dcfca,,,,,
,,bcfc771d7700002e92112a02,,,,,
,,bcfd88e80600002e924c3ef6,,,,,
,,bc877316b400002e91be5006,,,,,
,,bcb2c452d300002e9244a5b4,,,,,
,,bcb202079000002e91da0c96,,,,,
,,bcaf2feee400002e9255ebfc,,,,,
,,bcbe4c137800002e91e81e3c,,,,,
,,bcc18192fa59bd010039c157,,,,,
,,bcf0023edb00002e92371142,,,,,
,,bca3cb553b00002e9231d932,,,,,
,,bcf7c83a4200002e924a6268,,,,,
,,bcda031f2900002e924a2bb2,,,,,
,,bceceac0b200002e9249be58,,,,,
,,bcdf5df8a600002e923b4f18,,,,,
,,bcec91d73700002e91e8f92c,,,,,
,,bc947d865300002e91bde976,,,,,
,,bca06eaf3c00002e923a4d46,,,,,
,,bcb241999100002e92371140,,,,,
,,bcfa1ff3e200002e923506a4,,,,,
,,bc91ba5fcb00002e92339e46,,,,,
,,bcab1b24e100002e924f2542,,,,,
,,bcb07e8cc000002e9254749a,,,,,
,,bce87633bf00002e92332158,,,,,
,,bcf068d81f00002e92477c36,,,,,
,,bcf235537600002e9238fd54,,,,,
,,bcb00a97a900002e92380b28,,,,,
,,bc90f20ea800002e9249c62a,,,,,
,,bcf669285d00002e9239a938,,,,,
,,bc902f2cdf00002e924f34e0,,,,,
,,bca53b31a800002e92479b7c,,,,,
,,bcc5c9f0ae00002e91f79716,,,,,
,,bcd5536a8f00002e923a35da,,,,,
,,bcd3ff430000002e9255cc8c,,,,,
,,bcf16e642b00002e924ed71a,,,,,
,,bcff9ed94000002e9255cc60,,,,,
,,bc997a96e300002e922a66fa,,,,,
,,bcb6be923200002e924476e0,,,,,
,,bcb45583fa00002e9240487a,,,,,
,,bcedfa57a900002e92465b38,,,,,
,,bcad2627a900002e924d40da,,,,,
,,bcacdb498800002e92420d96,,,,,
,,bcbbdc5fa000002e9234525a,,,,,
,,bcb4a862ff00002e9246823a,,,,,
,,bca50661bf00002e920a34b8,,,,,
,,bceb1dd0fc00002e9211edc4,,,,,
,,bcaaa1216100002e92341386,,,,,
,,bc9e1cdf5600002e9250cb04,,,,,
,,bce4006fba00002e9245f59a,,,,,
,,bcf5b1f43c00002e924e13c4,,,,,
,,bcdd16f52d00002e9232ac14,,,,,
,,bc9aaa46c700002e9235dfaa,,,,,
,,bcd109b02800002e92336f6c,,,,,
,,bce94a12bd00002e9249221a,,,,,
,,bcb3f5261c00002e9234e664,,,,,
,,bcb4c9eb5500002e9252bf04,,,,,
,,bcacbbda2000002e92328d60,,,,,
,,bcc8bb4d6400002e92146614,,,,,
,,bcd0645ee000002e924bc9ca,,,,,
,,bce373153c00002e923115d6,,,,,
,,bcd5413f3700002e9239439c,,,,,
,,bce703602e00002e92105ed4,,,,,
,,bca028873100002e923506b2,,,,,
,,bca6d424c900002e922b68b8,,,,,
,,bc8d0c40f500002e923776aa,,,,,
,,bcc88408f000002e9248fb06,,,,,
,,bcfebcce0500002e9211edcc,,,,,
,,bcf36c2bee00002e92464ba4,,,,,
,,bcff870d9e00002e9255ebb8,,,,,
,,bcf737f0ee00002e92497806,,,,,
,,bcc872c9cd00002e9244ccb6,,,,,
,,bc92d0ae7000002e923dcfaa,,,,,
,,bcfd4da58e00002e92336f76,,,,,
,,bca1d2fe0f00002e924f2d26,,,,,
,,bcab3d41f100002e9232854c,,,,,
,,bcb82b5a3500002e923af94e,,,,,
,,bcbbb6cd0500002e923413ce,,,,,
,,bca7ef8be200002e922fc5f2,,,,,
,,bcc4753f9f00002e92478c06,,,,,
,,bcedef5cdb00002e92377700,,,,,
,,bcd9d4753b00002e9231257c,,,,,
,,bcf964bd7c00002e9237c4ca,,,,,
,,bcd26d0b5500002e9201c0a6,,,,,
,,bcace24fc500002e924b7bb6,,,,,
,,bc907481d600002e924a626a,,,,,
,,bc8d57f95100002e92345246,,,,,
,,bc873619cd00002e92336798,,,,,
,,bc957a82a200002e920e24a0,,,,,
,,bce671151f00002e92394b94,,,,,
,,bcc25d49c700002e92398a3e,,,,,
,,bcf947265200002e91bba05e,,,,,
,,bcaf42ddf800002e924f34e2,,,,,
,,bc8ca6367500002e92568f9a,,,,,
,,bcb92742b400002e915c800c,,,,,
,,bcc1284aca00002e923841d8,,,,,
,,bcf265967100002e9256aedc,,,,,
,,bc9673e94400002e923506a6,,,,,
,,bcddb8bd9700002e9233c5a2,,,,,
,,bcc172497a00002e9239b150,,,,,
,,bcd4ef64c600002e923dcfa8,,,,,
,,bc85e1d11800002e9232bbe2,,,,,
,,bce3dbff6300002e922ec41c,,,,,
,,bcee20cb7e00002e92375f44,,,,,
,,bcb478664300002e923d721c,,,,,
,,bc8bae693900002e921fcffa,,,,,
,,bc80c2ba2f00002e923413a4,,,,,
,,bcd02e191f00002e92516f14,,,,,
,,bcf63028a200002e92497fd8,,,,,
,,bcfd7aa72900002e9244ccfe,,,,,
,,bced6ac87000002e924e8134,,,,,
,,bcab645c6b00002e9247b2e8,,,,,
,,bcb49788e500002e9239b102,,,,,
,,bcdf16abe900002e924d4894,,,,,
,,bcbbe55a4200002e921fe77e,,,,,
,,bca9de22c400002e923870ba,,,,,
,,bc9e5246b700002e920ff18c,,,,,
,,bcaeb0aff000002e9233c574,,,,,
,,bcb729234a00002e923d79d0,,,,,
,,bc924bfa1c00002e924a79f8,,,,,
,,bcf0140cce00002e9239a93a,,,,,
,,bccb03356500002e92064514,,,,,
,,bce396efe000002e91f98346,,,,,
,,bceb85279459bd010039a917,,,,,
,,bcbaaddb9800002e9251404a,,,,,
,,bc8f5ff92700002e9255cc86,,,,,
,,bcf7fea50900002e9239b116,,,,,
,,bcc5a7eef300002e923c125c,,,,,
,,bc89941b1100002e922b4988,,,,,
,,bc8c67f54d00002e92375766,,,,,
,,bca4357ef700002e92497fe8,,,,,
,,bc9058c93700002e92341b4a,,,,,
,,bc971418be00002e9245f594,,,,,
,,bca3a1677800002e92479b76,,,,,
,,bc8dbe95c300002e923dcfc6,,,,,
,,bcb529525400002e924e2b2a,,,,,
,,bc818f5af300002e9234e678,,,,,
,,bcdf8fc9a900002e92443074,,,,,
,,bcf73a3e1900bd010039b1c9,,,,,
,,bcd637f0d300002e9255cc92,,,,,
,,bca6851ca900002e924a5a96,,,,,
,,bca2c9bfde00002e924cbc0a,,,,,
,,bca9e3320700002e9249c62c,,,,,
,,bc84a572d000002e92342af2,,,,,
,,bc81060d1900002e925157aa,,,,,
,,bc8a05110600002e92463442,,,,,
,,bca817989600002e9236ea0a,,,,,
,,bc9996e3d100002e924931bc,,,,,
,,bc8b45ca8400002e91be4ff2,,,,,
,,bc96f7b89200002e91e399e4,,,,,
,,bc9380a41100002e9249127a,,,,,
,,bc86c35ae300002e923506ae,,,,,
,,bcbfe8497300002e915c800a,,,,,
,,bcfc9e7ffb00002e9249c62c,,,,,
,,bcd78a130c00002e92568f9a,,,,,
,,bcbc568a6a00002e92471e84,,,,,
,,30349f46f00561844d3cca97,,,,,
,,bc98e5d71e00002e92383236,,,,,
,,bc99a72b9f00002e9244a5b6,,,,,
,,bca7bdf15a00002e924efe14,,,,,
,,bcc70c1cef00002e9236ab96,,,,,
,,bca6c7c5c800002e9233214c,,,,,
,,bce3604f6d00002e9250cb0c,,,,,
,,bc8fde9b8c00002e924597e8,,,,,
,,bcb2c7ff3700002e9256b6b6,,,,,
,,bce6e71d5600002e92342326,,,,,
,,bcd1b87b0700002e922af38c,,,,,
,,bcafd2e57c00002e9244ccc8,,,,,
,,bcbd6cc75500002e9237c4c4,,,,,
,,bcf5c8768800002e9252bf0c,,,,,
,,bcd1cfafe800002e920cad96,,,,,
,,bcd73493e300002e922fb64a,,,,,
,,bcbd199c4f00002e924e13d4,,,,,
,,bcb5090e1100002e9232db1e,,,,,
,,bcf88328e600002e91c099a0,,,,,
,,bcde642ae400002e924457a2,,,,,
,,bcb781fe5000002e92463422,,,,,
,,bcac857d0900002e9235c90a,,,,,
,,bcdf9700f400002e9244d494,,,,,
,,bcc9ee200b00002e92341b54,,,,,
,,bc9b798a0400002e921fcff8,,,,,
,,bc832bdb2e00002e92449de6,,,,,
,,bc876cd5d900002e92450b34,,,,,
,,bcf759277700002e920ff188,,,,,
,,bccb8c085800002e92368c52,,,,,
,,bcdd11a99b00002e9232db16,,,,,
,,bcfa5d043c00002e9255ebde,,,,,
,,bccb23eb8f00002e92328cd8,,,,,
,,bccc24435e00002e92460d2e,,,,,
,,bcb497bb4500002e920ae0b8,,,,,
,,bcf3d9747200002e9236b362,,,,,
,,bc89ef74d400002e92370948,,,,,
,,bcf198cefb00002e92568f96,,,,,
,,bcc185b0bc00002e924d40da,,,,,
,,bcc1ed669100002e922fa6fe,,,,,
,,bcf45da99300002e92350698,,,,,
,,bcdf9350a100002e92547494,,,,,
,,bce83231d800002e924420d2,,,,,
,,bcefb3231200002e92392458,,,,,
,,bc92dcadde00002e9240487a,,,,,
,,bca1231a8a00002e92460552,,,,,
,,bcfa7e8f5a00002e92398a06,,,,,
,,bc96642da700002e91be5000,,,,,
,,bcf29db9f300002e92376ed2,,,,,
,,bcb7be3d9e00002e9232850a,,,,,
,,bcc3e6804d00002e9247ab16,,,,,
,,bcbc0bf52900002e923841d8,,,,,
,,bcde0e5a6f00002e921fe768,,,,,
,,bcc8fd021800002e92460d2e,,,,,
,,bc8bbfa1a500002e91bde9c0,,,,,
,,bc98f18c4c00002e920f6cac,,,,,
,,bccff0ee9800002e92497fd4,,,,,
,,bc8fa7de2200002e92669540,,,,,
,,bcb116b1fb00002e915c8008,,,,,
,,bcc87f587900002e92445792,,,,,
,,33d000000000000000000118,,,,,
,,33d000000000000000000113,,,,,
,,33d000000000000000000114,,,,,
,,33d000000000000000000109,,,,,
,,33d000000000000000000108,,,,,
,,33d000000000000000000103,,,,,
,,33d000000000000000000104,,,,,
,,33d000000000000000000099,,,,,
,,303602c25c07334c51398cf3,,,,,
,,33d000000000000000000098,,,,,
,,33d000000000000000000093,,,,,
,,33d000000000000000000094,,,,,
,,33d000000000000000000089,,,,,
,,33d000000000000000000088,,,,,
,,33d000000000000000000117,,,,,
,,33d000000000000000000116,,,,,
,,33d000000000000000000112,,,,,
,,33d000000000000000000111,,,,,
,,33d000000000000000000106,,,,,
,,33d000000000000000000102,,,,,
,,33d000000000000000000101,,,,,
,,33d000000000000000000096,,,,,
,,33d000000000000000000097,,,,,
,,33d000000000000000000092,,,,,
,,33d000000000000000000091,,,,,
,,33d000000000000000000087,,,,,
,,33d000000000000000000082,,,,,
,,33d000000000000000000081,,,,,
,,33d000000000000000000086,,,,,
,,33d000000000000000000152,,,,,
,,33d000000000000000000153,,,,,
,,33d000000000000000000154,,,,,
,,33d000000000000000000155,,,,,
,,33d000000000000000000160,,,,,
,,33d000000000000000000159,,,,,
,,33d000000000000000000158,,,,,
,,33d000000000000000000157,,,,,
,,33d000000000000000000156,,,,,
,,33d000000000000000000161,,,,,
,,33d000000000000000000162,,,,,
,,33d000000000000000000163,,,,,
,,33d000000000000000000164,,,,,
,,33d000000000000000000165,,,,,
,,33d000000000000000000170,,,,,
,,33d000000000000000000169,,,,,
,,33d000000000000000000168,,,,,
,,33d000000000000000000167,,,,,
,,33d000000000000000000166,,,,,
,,bcf086192f00002e920e249c,,,,,
,,3034dc19f4019c15b9df7af5,,,,,
,,bca753b9d900002e924be13a,,,,,
,,bc86c145c800002e9232e2ca,,,,,
,,bcbb02f38200002e922b7854,,,,,
,,3034dc19f02ccd7c7fe776c9,,,,,
,,3034dc19f05171e7d943a8f9,,,,,
,,3034dc19f047d5c9023af4ac,,,,,
,,bce75f860600002e923a7c38,,,,,
,,bcb07303bf00002e923989e6,,,,,
,,30349bc6e40363aab2672b65,,,,,
,,3034dc19f034591c21f49b9a,,,,,
,,3034dc19f02824fd8d439c61,,,,,
,,bc8073574800002e9232bbe0,,,,,
,,30349bc7140359aa9c816b87,,,,,
,,bceaefbd6f00002e922b0348,,,,,
,,bcaf2233c700002e923a4d56,,,,,
,,3034dc19f403e0f9ab17d845,,,,,
,,3034dc19f40536cfc68b9b21,,,,,
,,3034dc19f40401e298d632e5,,,,,
,,3034dc19f40d0eab4148d1ac,,,,,
,,3034dc19f407f2c3ecdf40a6,,,,,
,,bc895cf52e00002e924ed716,,,,,
,,bcdc93841100002e922b035c,,,,,
,,bcee66d0d300002e92445798,,,,,
,,bcad04cb9900002e9249d5c8,,,,,
,,3034dc19f005c5b3c2e77b74,,,,,
,,3034dc19f40810dae08870b4,,,,,
,,3034dc19f407f2c04c18c744,,,,,
,,bcacf6781500002e9236ab96,,,,,
,,bc8a4fd1f100002e92328d0e,,,,,
,,bccab5f68f00002e92568f98,,,,,
,,bccbe730d500002e924e13d6,,,,,
,,bcb0ab1c7f00002e9232ac14,,,,,
,,bcbd27f49800002e925157b6,,,,,
,,30349bc7c41209bf42448fc5,,,,,
,,bcdd5a402b00002e92353482,,,,,
,,bc90a41a1f00002e92390514,,,,,
,,bcdd53cc4700002e915c800a,,,,,
,,bcca76781500002e92390cea,,,,,
,,bccc020d0400002e923870aa,,,,,
,,bcb26c438700002e92375f3a,,,,,
,,bcbe67b88500002e924eaffc,,,,,
,,bcc90402dc00002e9241e68c,,,,,
,,bc9ba65f8700002e92659b34,,,,,
,,bc9e1ef4bc00002e92462476,,,,,
,,bcb8eedfad00002e92569778,,,,,
,,bce7261dac00002e9255d424,,,,,
,,bcd2d91e9700002e92556e90,,,,,
,,bcf65bf78f00002e92385948,,,,,
,,bcd789bb9b00002e923413a2,,,,,
,,bcca61589300002e925f9044,,,,,
,,bcc34d427c00002e924f2d16,,,,,
,,bca6b5f59600002e9244a5b6,,,,,
,,bc9bf0cebb00002e922fa6a8,,,,,
,,bc9e19933e00002e9244ccba,,,,,
,,bca5821ebb00002e92547488,,,,,
,,bcd6a9c20e00002e9235c94a,,,,,
,,bcca61589300002e925f9044,,,,,
,,bc9e19933e00002e9244ccba,,,,,
,,bca5821ebb00002e92547488,,,,,
,,bc9bf0cebb00002e922fa6a8,,,,,
,,bcc75ede7f00002e925176e4,,,,,
,,bcb7a19b3300002e924eaff4,,,,,
,,bc91915d6f00002e9249d5cc,,,,,
,,bce5f5619700002e920ff18e,,,,,
,,bc9121212500002e924f2d18,,,,,
,,bca9be0b7000002e9236b368,,,,,
,,bcf70b8faf00002e9239a96a,,,,,
,,bcbaa7d70500bd01003991f8,,,,,
,,bc945c951600002e923d5aac,,,,,
,,30349bc6fc11f5aab509b27d,,,,,
,,bca0f66d0900002e91e399fa,,,,,
,,bcf580ef6f00002e9244e428,,,,,
,,bc8ed4972d00002e924a79f0,,,,,
,,bcb33982a500002e9237095a,,,,,
,,bc97541e9700002e9244d48a,,,,,
,,bca77cdc5600002e9235066a,,,,,
,,bcc7fd119900002e924764d8,,,,,
,,bcda8f1bea00002e92507d04,,,,,
,,bcaa15f32900002e92464bb0,,,,,
,,bcb43dd06b00002e92395b58,,,,,
,,bc9eb6c67c00002e923d7230,,,,,
,,bcf75eb22d00002e924f34c8,,,,,
,,bcaba4a07800002e924a04aa,,,,,
,,bc9e29fc0100002e92394b72,,,,,
,,bcd67f3ce600002e9214a4b0,,,,,
,,bcb15671e500002e921fcff8,,,,,
,,bca615c72f00002e920775a2,,,,,
,,bc95701ae200002e9233c582,,,,,
,,bce02b866d00002e9232e2d6,,,,,
,,bcad2cd19800002e9243e252,,,,,
,,bc83facb4800002e9234138a,,,,,
,,bca69fb09c00002e924a720a,,,,,
,,bceb074b1300002e922b41ba,,,,,
,,bce656dd1e00002e9229da46,,,,,
,,bcd5bcb99700002e921fe77e,,,,,
,,bc9c95ff5f00002e923505c8,,,,,
,,bc8d53b58900002e92353482,,,,,
,,bc91b69ea000002e9231d926,,,,,
,,bce656dd1e00002e9229da46,,,,,
,,bcb01b6aff00002e92328d38,,,,,
,,bca79b56e200002e920fca82,,,,,
,,bcc298e6d700002e9236bb28,,,,,
,,bca78d307000002e9239d808,,,,,
,,bc86d3eb0100002e9245a774,,,,,
,,bcb7758cff00002e924f2d12,,,,,
,,bcccef9d2000002e924f2540,,,,,
,,bce79f874e00002e924efe1c,,,,,
,,bccc7f52e400002e9256b6ba,,,,,
,,bcbc6837dd00002e924c3ef4,,,,,
,,bcb15f215300002e92341b4a,,,,,
,,bcb9e7452e00002e92569768,,,,,
,,bc9e7970a700002e924ec774,,,,,
,,bccded178300002e9232e2ca,,,,,
,,bcf0c3fa3e00002e92310e04,,,,,
,,bc861ec33200002e9241fe04,,,,,
,,bce7882fb300002e923a35c8,,,,,
,,30349bc718025fa76dee56df,,,,,
,,bcbcf979d900002e920ae0e0,,,,,
,,bce265e11f00002e924522a2,,,,,
,,bceacbc2af00002e924e5a0a,,,,,
,,bcce65b55c00002e922afb56,,,,,
,,bca5b8645300002e92383a06,,,,,
,,bcba2aa88e00002e920ae0a8,,,,,
,,bcba7ab9d600002e923d2b92,,,,,
,,bcec41e0bf00002e9231257c,,,,,
,,bce04ac80900002e9241fdf6,,,,,
,,bce3e6dc6d00002e923a4d52,,,,,
,,bcddadd7e700002e9247f168,,,,,
,,bcfd75c7c800002e9244ccc4,,,,,
,,bcd0c220e500002e9249dd94,,,,,
,,bcea3b6e9400002e924efe16,,,,,
,,bcb6373def00002e9249c62c,,,,,
,,30349b2ce411ff8bd9972c27,,,,,
,,bce9ebd6f700002e924476d4,,,,,
,,bca1c85f2900002e923506a0,,,,,
,,bc9061d1f300002e9232850a,,,,,
,,bc9aa37d7100002e9232f26c,,,,,
,,bcee306b0e00002e9234e666,,,,,
,,bcc020b4e000002e92329c82,,,,,
,,bcdf16a70a00002e923a168c,,,,,
,,bc9ff471c400002e92094a5a,,,,,
,,bcabc49d0700002e923432c4,,,,,
,,bcdcd6877500002e91e96652,,,,,
,,bc9e0765b600002e922b68b4,,,,,
,,bced74ef8d00002e92368c48,,,,,
,,bcaeb0809700002e924f2d18,,,,,
,,bc8e7ee56800002e92398a08,,,,,
,,bc81ae28f000002e924e5a0a,,,,,
,,bc8733430c00002e9255d414,,,,,
,,bc8f7959cc00002e9211edc8,,,,,
,,bcd926ba4b00002e92341b4c,,,,,
,,bcc3ceeefa00002e92314c86,,,,,
,,bcd317dc4400002e92390514,,,,,
,,bcf17fc11c00002e9239a938,,,,,
,,bcfbbed7c500002e923776bc,,,,,
,,bcc6c26ec700002e92339e44,,,,,
,,bcd85cd50a00002e92385948,,,,,
,,bcf2be30ff00002e9249be5c,,,,,
,,bc99a67be300002e92363e22,,,,,
,,bcdf8ce77b00002e9244a5a8,,,,,
,,bccf45c3bd00002e92568f98,,,,,
,,bcb9d6426300002e920a8adc,,,,,
,,bce941224000002e9234f60a,,,,,
,,bccfe1735100002e924f34e2,,,,,
,,bcb9d6426300002e920a8adc,,,,,
,,bcfbbed7c500002e923776bc,,,,,
,,bccf45c3bd00002e92568f98,,,,,
,,bc8b1edc6900002e9232db26,,,,,
,,bcd85cd50a00002e92385948,,,,,
,,bccdd4322a00002e9244ccf0,,,,,
,,bc99a67be300002e92363e22,,,,,
,,bcc6c26ec700002e92339e44,,,,,
,,bc9787dc9900002e92463428,,,,,
,,bc906de70b00002e925510cc,,,,,
,,bce941224000002e9234f60a,,,,,
,,bcd317dc4400002e92390514,,,,,
,,bca96bb28c00002e9244ccf4,,,,,
,,bcc926605800002e92449608,,,,,
,,bcd2b75dbe00002e924a7206,,,,,
,,bcc736041700002e92064540,,,,,
,,bcaf9a353300002e92372882,,,,,
,,bcbdd2d64b00002e92460d26,,,,,
,,bca36dce4100002e924522a2,,,,,
,,bcfbdcb60e00002e92484f26,,,,,
,,bc95e2a96e00002e92314c8c,,,,,
,,bcc091a93700002e923841c4,,,,,
,,bcaadc26df00002e9265aad4,,,,,
,,bc865435d900002e9247f168,,,,,
,,bcd6d5d8b300002e923413ce,,,,,
,,bca3e6ad0d00002e92397278,,,,,
,,bc85ecef1d00002e9210b4c2,,,,,
,,bcf34172aa00002e924dc5b8,,,,,
,,bcaf20444a00002e9255cc92,,,,,
,,bc8dd080bf00002e923870b4,,,,,
,,bcbaaa203a00002e923870a8,,,,,
,,bca26e1bc600002e920775a8,,,,,
,,bcb79d9f5900002e923b4f06,,,,,
,,bcad115ffe00002e922ecc0e,,,,,
,,bcded46fb500002e92463432,,,,,
,,bca2a069fd00002e92342326,,,,,
,,bcda6f960200002e92314c96,,,,,
,,bca0ca98d200002e9233c5a2,,,,,
,,bcb574614200002e9239b128,,,,,
,,bc96cf367700002e9244ad7c,,,,,
,,bccc987ede00002e922fa6d0,,,,,
,,bcf9f0f4fa00002e9229da4a,,,,,
,,bccc987ede00002e922fa6d0,,,,,
,,bc96cf367700002e9244ad7c,,,,,
,,bca2a069fd00002e92342326,,,,,
,,bca0ca98d200002e9233c5a2,,,,,
,,bcb574614200002e9239b128,,,,,
,,bcb62d81ef00002e925510c4,,,,,
,,bcaf3769a900002e9232a446,,,,,
,,bcb188835a00002e9246247c,,,,,
,,bc9c36c12e00002e92371142,,,,,
,,bcbb9c6c7900002e9249974a,,,,,
,,bc8e8f812800002e9245a77a,,,,,
,,bc8dadf18800002e92556ea2,,,,,
,,bcc7a2d0d900002e9245a77c,,,,,
,,bc814f9db200002e924e69ba,,,,,
,,bcfc53181a00002e924457a6,,,,,
,,bcf1694eff00002e9232f276,,,,,
,,bca7a6e2f100002e9234e67a,,,,,
,,bc81193e3c00002e925f32a0,,,,,
,,bceba2d0c600002e9211d5ee,,,,,
,,bca9201e6b00002e922ecbec,,,,,
,,bcd78e400700002e9211d5f0,,,,,
,,bcde48df2a00002e924dae24,,,,,
,,bcc7c1005700002e9248f336,,,,,
,,bce8af0ba800002e9250c348,,,,,
,,bc85a18d4a00002e921fcffa,,,,,
,,bce8b5f6cf00002e9232bbd0,,,,,
,,bcf2b6afc200002e92121458,,,,,
,,bc88d1155400002e924a2bb6,,,,,
,,bc90cc87fc00002e9234e668,,,,,
,,bcf3280f3100002e9236ab8a,,,,,
,,bc84d069b700002e92465362,,,,,
,,bc9f43f48c00002e92444016,,,,,
,,bca31f7ab600002e92375764,,,,,
,,bc87c4fdd300002e920644e8,,,,,
,,bcdc593c6200002e923dcfce,,,,,
,,bcae00229e00002e9265ba72,,,,,
,,bcbf165ed000002e9235c95a,,,,,
,,bc96ec185400002e92376718,,,,,
,,bcb66a51d900002e92480116,,,,,
,,bcf56ed65300002e91e399fa,,,,,
,,bca56bdc2d00002e92370952,,,,,
,,bce1fd12fd00002e922ba736,,,,,
,,bca609dc6300002e92394b68,,,,,
,,bc97e0404200002e92569f48,,,,,
,,bcf2d12d6200002e9255ebcc,,,,,
,,bcd72392ff00002e923a35c8,,,,,
,,30342505a400096ec7775938,,,,,
,,bcf41e5af400002e92336796,,,,,
,,bcca16c17e00002e9232db24,,,,,
,,bc96cb51c900002e92659b40,,,,,
,,bcf9cb979300002e922fa6fe,,,,,
,,bcaf307e8059bd010039a31e,,,,,
,,bc8809d15000002e924476cc,,,,,
,,bcede9c7d000002e924a04aa,,,,,
,,bcf5a877f300002e92328d38,,,,,
,,bcd0eb98a000002e9233c574,,,,,
,,bc8df8ad2b00002e924e717a,,,,,
,,bca0fff18800002e923d722a,,,,,
,,bcfee4202700002e9249a6e6,,,,,
,,bcae00229e00002e9265ba72,,,,,
,,bcf2f224aa00002e9247b2e4,,,,,
,,bc88d5ce1800002e92449604,,,,,
,,bc9389d82500002e92342aea,,,,,
,,bc96dfc9bf00002e920b0f96,,,,,
,,bcbf165ed000002e9235c95a,,,,,
,,bcebdde9cb00002e91e96656,,,,,
,,bcd59ccda600002e9253537c,,,,,
,,bcb383c07559bd010039903d,,,,,
,,bcdc45f29700002e9234522a,,,,,
,,bcbce54dcd00002e9245a776,,,,,
,,bcf973b19800002e92328d74,,,,,
,,bca04cd7ab00002e923d71ea,,,,,
,,bc9bc5a7f300002e924e69b2,,,,,
,,bc9ebd71a700002e923868d8,,,,,
,,bcb15eb62200002e922b0334,,,,,
,,bc90d9427a00002e923af95e,,,,,
,,bcb085a58400002e924a897c,,,,,
,,bca1c0b45600002e922ec41e,,,,,
,,bcb1c424f500002e923989e8,,,,,
,,bcae43318900002e9232e2d8,,,,,
,,bca5b7f60600002e922b7868,,,,,
,,bcd01d8fe900002e920cad92,,,,,
,,bc97386ddd00002e923ca6c2,,,,,
,,bc9297ea5f00002e91e96652,,,,,
,,bcaf49cbc500002e91be4ff2,,,,,
,,bcc9af953100002e924457a4,,,,,
,,bcd54b20e000002e91bde9a2,,,,,
,,bcf85d117f00002e9232a472,,,,,
,,bcc2ccfb4c00002e92492218,,,,,
,,bca14abbc900002e924ed718,,,,,
,,bcba6b6a9200002e9244f3d6,,,,,
,,bcddc5c7a500002e9212145a,,,,,
,,bca4bac5e400002e91bde9a2,,,,,
,,bce28e186f00002e9232cb54,,,,,
,,bca389fc2c00002e00391854,,,,,
,,bcd778bf0200002e92328d64,,,,,
,,bc8ee08e2500002e92476c96,,,,,
,,bce661054300002e924a04a4,,,,,
,,bcb11799f600002e92112a12,,,,,
,,bc8c621caf00002e915c8008,,,,,
,,bccd7666e500002e920b4654,,,,,
,,bcbdc5355200002e920f6cce,,,,,
,,bce3808e7300002e92569778,,,,,
,,bc9fbfb6d100002e924be146,,,,,
,,bc981b8eec00002e924dc5ba,,,,,
,,bcc0e996af00002e9233a61c,,,,,
,,bcb0868bf400002e92474d5a,,,,,
,,bce732ac9400002e923413ae,,,,,
,,bcda1ef74500002e9247d9f6,,,,,
,,bc8f4202b800002e924b7bb8,,,,,
,,bcf0fbd93200002e9249974a,,,,,
,,bce714bcfd00002e92312578,,,,,
,,bca2fe16e100002e923413de,,,,,
,,bcc5d0bde900002e924e7184,,,,,
,,bc9b154bcc00002e923d71e8,,,,,
,,bc8d99cea300002e92448e48,,,,,
,,bc991f633400002e9237576a,,,,,
,,bcd0878f3f00002e92328d38,,,,,
,,bcf88869c500002e9268fe5a,,,,,
,,bcbcc30ed200002e9251404a,,,,,
,,bcd53ecfa300002e9229da48,,,,,
,,bcd04ef6f900002e922fa6a6,,,,,
,,bcae6ccc6600002e9233c55c,,,,,
,,bcb165489400002e921129f6,,,,,
,,bce0fa995f00002e924b5494,,,,,
,,bcc7d9ec2600002e9211b698,,,,,
,,bc85921d1200002e924d218a,,,,,
,,bc80a3990d00002e924e69b2,,,,,
,,bcd92cb15d00002e9250c344,,,,,
,,bcc06fa7c100002e9234523a,,,,,
,,bcee82117400002e924a0c76,,,,,
,,bcaae8a80259bd0100399ad3,,,,,
,,bc923a547900002e9255cc96,,,,,
,,bce979e25700002e92328d60,,,,,
,,bcceb6a8f600002e9239727a,,,,,
,,bca4e3692a00002e9244d48a,,,,,
,,bcea49b0d900002e922fa6d2,,,,,
,,bcee26bd8e00002e92100128,,,,,
,,bc99916e8a00002e922ecc0e,,,,,
,,bcd30d4fc700002e924e13d0,,,,,
,,bc9c5f090500002e91e399f6,,,,,
,,bcf887a24f00002e922fa6b2,,,,,
,,bc81b283ed00002e924931b4,,,,,
,,bce490088400002e920fca8e,,,,,
,,bcbe18babc00002e92369bec,,,,,
,,bcf5d8189600002e92390cea,,,,,
,,bca44104e500002e92328cd6,,,,,
,,bcd0626ab800002e92369be4,,,,,
,,bcbad8fadf00002e920775aa,,,,,
,,bcdbf132af00002e9244d486,,,,,
,,bce38bb9e600002e92474d54,,,,,
,,bc9a3af20100002e92328d62,,,,,
,,bce984cdb500002e924e0416,,,,,
,,bcd020a90400002e9249b688,,,,,
,,bcdc288ce300002e923265ca,,,,,
,,bce4b7e0e200002e9245f5b6,,,,,
,,bcc2df311400002e92341b44,,,,,
,,bc94372a2600002e922b7868,,,,,
,,bc80ea284600002e924931c4,,,,,
,,bc83479a6c00002e9243f9c2,,,,,
,,bcf509ac6800002e92377e76,,,,,
,,bcf142f7b900002e924cbc04,,,,,
,,bcabefbb5900002e92336f76,,,,,
,,bcce3c4a5d00002e9204b696,,,,,
,,bc970be74500002e92345202,,,,,
,,bc9f32bd4400002e924e041a,,,,,
,,bceb933f9900002e9246823a,,,,,
,,bc857d94a500002e9247ab16,,,,,
,,bc8f21777600002e920e249e,,,,,
,,3034dc19f031ae7112f1f2ea,,,,,
,,bc9083210600002e9232bbd0,,,,,
,,bca73231fc00002e9240ae26,,,,,
,,bcedac7ee600002e91e399ec,,,,,
,,bcd778bf0200002e92328d64,,,,,
,,bc8f67724600002e9236b366,,,,,
,,bc842a02de00002e92460d28,,,,,
,,bcec71571500002e924be13c,,,,,
,,bccea4d24100002e922fb648,,,,,
,,bca26aac7b00002e924476d6,,,,,
,,bc87b53f9900002e9268fe5a,,,,,
,,bce1a81ba700002e923776ae,,,,,
,,bcbe1ff6a600002e9244ad76,,,,,
,,bcd54331c200002e9244f3e4,,,,,
,,bcd16c759a00002e923776fe,,,,,
,,bc921efe1300002e9237ad68,,,,,
,,bca594b4d600002e923413cc,,,,,
,,bcebb37dc200002e920b0f88,,,,,
,,bc94f04b0300002e925176f2,,,,,
,,bcf3b4029b00002e92450b34,,,,,
,,bcefb7321800002e91852e06,,,,,
,,bcad17ac5a00002e924d1208,,,,,
,,bc8977561400002e920fca70,,,,,
,,bcd22c30be00002e9243f1f2,,,,,
,,bcb0683ad600002e92332146,,,,,
,,bcb3fb28d500002e92496096,,,,,
,,bcfe4f6cfb00002e9236ea24,,,,,
,,bcec2e387d00002e9249b68a,,,,,
,,bcd12cf4f100002e9207d358,,,,,
,,bc999e491400002e91e8a304,,,,,
,,bcf9be619f00002e91e5c4aa,,,,,
,,bc8d44c11c00002e9232bbc4,,,,,
,,bcad5bbeba00002e92507d04,,,,,
,,bcc09498a300002e92547486,,,,,
,,bca5b28e1000002e9255cc68,,,,,
,,bca220324400002e9232bbe2,,,,,
,,bcc83c1a6d00002e92371118,,,,,
,,bc9939ca4200002e00367aa6,,,,,
,,bcc0a4ba7100002e9268fe64,,,,,
,,bceb9fbc4500002e92463440,,,,,
,,bcf9427d6100002e921129f6,,,,,
,,bcda4005e000002e92341b48,,,,,
,,bcdbd694d800002e923720bc,,,,,
,,bcffa3baf100002e92507d00,,,,,
,,bcb3e3095e00002e92482816,,,,,
,,bccdd09f5e00002e92465b28,,,,,
,,bccaaf5aac00002e922afb5a,,,,,
,,bca3aa676f00002e92339e4a,,,,,
,,bcdffa82c300002e924457a8,,,,,
,,bccb55a77300002e92467a78,,,,,
,,bcb495e97f00000000030d54,,,,,
,,bcddd1998d00002e92336f66,,,,,
,,bce0a9aa6400002e924a04a4,,,,,
,,bcea0fc07500002e92395b5c,,,,,
,,bc96d1f2c700002e9244a5b4,,,,,
,,bcb3bf662c00002e9236ab88,,,,,
,,bcd869a3a300002e923a35d2,,,,,
,,bcf4aa71ec00002e9238ce68,,,,,
,,bc8063a65700002e9229da84,,,,,
,,bca8c8c15200002e920ff188,,,,,
,,bca8dfc44200002e9237ad62,,,,,
,,bcb031b7a900002e92466ad6,,,,,
,,bce44d5f3d00002e92516f2c,,,,,
,,bc9a81107a00002e922b5146,,,,,
,,bcf61667ac00002e924ed714,,,,,
,,bc88ee724a00002e923a1684,,,,,
,,bcc7fde35d00002e920b0f96,,,,,
,,bcf98f48bd00002e923505c8,,,,,
,,bcc1196a9300002e92534bc2,,,,,
,,bc8ae9c41d00002e923a7c1c,,,,,
,,bcdde6540a00002e924f2550,,,,,
,,bca85acb7500002e92375f38,,,,,
,,bcd3cdbb2800002e92312d56,,,,,
,,bcde24a1d700002e92395b0a,,,,,
,,bcaa48236e00002e924e2b26,,,,,
,,bc87cfe7f900002e9214a496,,,,,
,,bcfc701b6b00002e925157b6,,,,,
,,bca06ec24400002e9256aed6,,,,,
,,bce229765e00002e9207d358,,,,,
,,bc91c2676700002e923115d4,,,,,
,,bcae100bf800002e9241deba,,,,,
,,bcedffe4c000002e9241deb8,,,,,
,,bcb2ec203700002e920318c0,,,,,
,,bcdd27f0a900002e925157ba,,,,,
,,bcf4a6ba4100002e92462c44,,,,,
,,bc98790fef00002e9212f6fe,,,,,
,,bcda3bca4b00002e9232c388,,,,,
,,bcf15ef68a00002e9248f33a,,,,,
,,bc8103a1c200002e9255cc96,,,,,
,,bcc565667000002e9233c5a0,,,,,
,,bca77d310000002e924522a2,,,,,
,,bc963171c000002e91e5c4aa,,,,,
,,bcf97a5d3b00002e92394b74,,,,,
,,bcde5bd91d00002e9232a484,,,,,
,,bca0227e8600002e924e717a,,,,,
,,bcf425ddf700002e91e399f4,,,,,
,,30347aae4000013cfd1cd365,,,,,
,,bca627c7d400002e924be136,,,,,
,,bc8759851f00002e9236ab8a,,,,,
,,bc820edb7b00002e924b7bba,,,,,
,,bcff0e630e00002e92516f32,,,,,
,,bce1f3ef9200002e9214ac7e,,,,,
,,bcc5938f9d00002e9246823c,,,,,
,,bcbb1d084e00002e91bde99e,,,,,
,,bce7cb0ab900002e924e3308,,,,,
,,bcf245703000002e92369be8,,,,,
,,bcd232dee500002e9237111a,,,,,
,,bc9575230b00002e9244afd5,,,,,
,,bcb6c50dc100002e923c1268,,,,,
,,bcfe2f783100002e91bde9c2,,,,,
,,bc84a6192000002e9265ba74,,,,,
,,bce780913b00002e921fe76a,,,,,
,,bcec79d70800002e92534bbc,,,,,
,,bcc819dbb200002e925157d0,,,,,
,,bcad47c28900002e915c803a,,,,,
,,bcb9e9edcc00002e91be4f30,,,,,
,,bc97b1690b00002e92368c54,,,,,
,,bca7583abb00002e92376714,,,,,
,,bccf7e31cb00002e92659b48,,,,,
,,bce2f2f05600002e92328d68,,,,,
,,bcfaa2a13f00002e923413d0,,,,,
,,bcc8f7e3b800002e92319aa8,,,,,
,,bcee209fff00002e9245a77c,,,,,
,,bcdaf7156700002e9239d808,,,,,
,,bcecafc7da00002e91e8f930,,,,,
,,bcc07fb77100002e92328d60,,,,,
,,bc9221fc4f00002e92380b2a,,,,,
,,bce2f44aa900002e92328d04,,,,,
,,bca06f711a00002e9244d484,,,,,
,,bcbe361d5300002e9265ba74,,,,,
,,30347aae4000013e0dc7afa1,,,,,
,,bc8dacb09f00002e9256b6ba,,,,,
,,bca35e17ba00002e92557660,,,,,
,,bca92cea7a00002e920f6cd0,,,,,
,,bc806ddc6500002e924f2544,,,,,
,,bcb6c50dc100002e923c1268,,,,,
,,bc9575230b00002e9244afd5,,,,,
,,bcc5938f9d00002e9246823c,,,,,
,,bc8a8db95900002e923989e6,,,,,
,,bcf245703000002e92369be8,,,,,
,,bce5e70a5300002e9237c4c8,,,,,
,,bcf6fdff7c00002e92120c9a,,,,,
,,bcff0e630e00002e92516f32,,,,,
,,bc820edb7b00002e924b7bba,,,,,
,,bce7cb0ab900002e924e3308,,,,,
,,bcbb1d084e00002e91bde99e,,,,,
,,bcbad8afff00002e9247ab16,,,,,
,,bcf8d689d600002e9238fd4a,,,,,
,,bc9effca7d00002e924e7186,,,,,
,,bcefcde3c800002e92328d0c,,,,,
,,bce454739000002e003a23da,,,,,
,,bce467f55a00002e91bde9a6,,,,,
,,bcc6245e0800002e922af388,,,,,
,,bcf3350caa00002e924ddd1c,,,,,
,,bc8e3b032700002e92332176,,,,,
,,bcdff0a74d00002e925176f6,,,,,
,,bcaeae641d00002e923af93e,,,,,
,,bce1ea660d00002e922b68b4,,,,,
,,bc9b614e9c00002e9232db02,,,,,
,,bce4ea270700002e925f904a,,,,,
,,bcc8c350e400002e9245f5a8,,,,,
,,bcab9eefdb00002e92463424,,,,,
,,bc85a5e8de00002e92443074,,,,,
,,bccf7cbf6c00002e92370944,,,,,
,,bceb611f4600002e9229da70,,,,,
,,bcc1a521a400002e92463be6,,,,,
,,bcf1c8a39600002e92465368,,,,,
,,bcc29157d200002e9214ac66,,,,,
,,bc837c0bd100002e92568fb0,,,,,
,,bcbecc321300002e9248fb04,,,,,
,,bcda43017a00002e9232e2cc,,,,,
,,bca6baee3700002e92444fb4,,,,,
,,bcc6c11d9c00002e92341374,,,,,
,,bc854f2bcc00002e91bdea32,,,,,
,,bc9a3c92f100002e924e717a,,,,,
,,bcb376ac2000002e925f32a2,,,,,
,,bcd8b2bea000002e924b9318,,,,,
,,bc99fa21d800002e9239b8c8,,,,,
,,bccbcd867900002e92311db6,,,,,
,,bcb28985d100002e9255eb88,,,,,
,,bc816a45e100002e9232e2c6,,,,,
,,30347aae4000010fe7221aaf,,,,,
,,bcf5af4e3600002e923776ae,,,,,
,,bcdf98567200002e924a79dc,,,,,
,,bcfd9547d500002e9239a924,,,,,
,,bcbf8111a900002e9205e728,,,,,
